timestamp,emotion,confidence,people,objects2026-09-28T19:42:25,Neutral,0.0,1,0
2026-09-28T19:42:26,Neutral,0.0,1,1
2026-09-28T19:42:26,Neutral,0.0,1,0
2026-09-28T19:42:26,Neutral,0.0,1,0
2026-09-28T19:42:27,Neutral,0.0,1,1
2026-09-28T19:42:27,Neutral,0.0,1,0
2026-09-28T19:42:27,Neutral,0.0,1,1
2026-09-28T19:42:27,Neutral,0.0,2,0
2026-09-28T19:42:27,Neutral,0.0,2,1
2026-09-28T19:42:27,Neutral,0.0,1,1
2026-09-28T19:42:28,Neutral,0.0,1,1
2026-09-28T19:42:28,Neutral,0.0,1,0
2026-09-28T19:42:28,Neutral,0.0,1,1
2026-09-28T19:42:28,Neutral,0.0,1,1
2026-09-28T19:42:28,Neutral,0.0,1,1
2026-09-28T19:42:28,Neutral,0.0,1,1
2026-09-28T19:42:29,Neutral,0.0,1,0
2026-09-28T19:42:29,Neutral,0.0,1,1
2026-09-28T19:42:29,Neutral,0.0,1,0
2026-09-28T19:42:29,Neutral,0.0,1,0
2026-09-28T19:42:29,Neutral,0.0,0,0
2026-09-28T19:42:29,Neutral,0.0,1,1
2026-09-28T19:42:30,Neutral,0.0,2,0
2026-09-28T19:42:30,Neutral,0.0,1,0
2026-09-28T19:42:30,Neutral,0.0,1,0
2026-09-28T19:42:30,Neutral,0.0,1,1
2026-09-28T19:42:30,Neutral,0.0,2,1
2026-09-28T19:42:30,Neutral,0.0,1,0
2026-09-28T19:42:31,Neutral,0.0,1,0
2026-09-28T19:42:31,Neutral,0.0,2,1
2026-09-28T19:42:31,Neutral,0.0,1,0
2026-09-28T19:42:31,Neutral,0.0,1,0
2026-09-28T19:42:31,Neutral,0.0,2,0
2026-09-28T19:42:32,Neutral,0.0,1,0
2026-09-28T19:42:32,Neutral,0.0,1,0
2026-09-28T19:42:32,Neutral,0.0,1,0
2026-09-28T19:42:32,Neutral,0.0,1,0
2026-09-28T19:42:32,Neutral,0.0,2,0
2026-09-28T19:42:32,Neutral,0.0,1,1
2026-09-28T19:42:33,Neutral,0.0,1,1
2026-09-28T19:42:33,Neutral,0.0,1,0
2026-09-28T19:42:33,Neutral,0.0,1,1
2026-09-28T19:42:33,Neutral,0.0,1,1
2026-09-28T19:42:33,Neutral,0.0,1,1
2026-09-28T19:42:33,Neutral,0.0,2,1
2026-09-28T19:42:34,Neutral,0.0,1,0
2026-09-28T19:42:34,Neutral,0.0,1,1
2026-09-28T19:42:34,Neutral,0.0,2,1
2026-09-28T19:42:34,Neutral,0.0,1,1
2026-09-28T19:42:34,Neutral,0.0,1,1
2026-09-28T19:42:34,Neutral,0.0,1,1
2026-09-28T19:42:35,Neutral,0.0,1,1
2026-09-28T19:42:35,Neutral,0.0,1,1
2026-09-28T19:42:35,Neutral,0.0,1,1
2026-09-28T19:42:35,Neutral,0.0,1,1
2026-09-28T19:42:35,Neutral,0.0,1,1
2026-09-28T19:42:35,Neutral,0.0,1,1
2026-09-28T19:42:35,Neutral,0.0,1,1
2026-09-28T19:42:36,Neutral,0.0,1,1
2026-09-28T19:42:36,Neutral,0.0,1,1
2026-09-28T19:42:36,Neutral,0.0,1,1
2026-09-28T19:42:36,Neutral,0.0,2,1
2026-09-28T19:42:36,Neutral,0.0,2,1
2026-09-28T19:42:37,Neutral,0.0,2,1
2026-09-28T19:42:37,Neutral,0.0,1,1
2026-09-28T19:42:37,Neutral,0.0,1,0
2026-09-28T19:42:37,Neutral,0.0,2,1
2026-09-28T19:42:37,Neutral,0.0,1,1
2026-09-28T19:42:37,Neutral,0.0,1,1
2026-09-28T19:42:38,Neutral,0.0,1,1
2026-09-28T19:42:38,Neutral,0.0,2,1
2026-09-28T19:42:38,Neutral,0.0,2,1
2026-09-28T19:42:38,Neutral,0.0,1,1
2026-09-28T19:42:38,Neutral,0.0,2,1
2026-09-28T19:42:38,Neutral,0.0,1,1
2026-09-28T19:42:39,Neutral,0.0,2,1
2026-09-28T19:42:39,Neutral,0.0,2,1
2026-09-28T19:42:39,Neutral,0.0,1,1
2026-09-28T19:42:39,Neutral,0.0,1,1
2026-09-28T19:42:39,Neutral,0.0,1,1
2026-09-28T19:42:40,Neutral,0.0,1,1
2026-09-28T19:42:40,Neutral,0.0,1,1
2026-09-28T19:42:40,Neutral,0.0,1,1
2026-09-28T19:42:40,Neutral,0.0,1,1
2026-09-28T19:42:40,Neutral,0.0,1,1
2026-09-28T19:42:41,Neutral,0.0,2,1
2026-09-28T19:42:41,Neutral,0.0,2,1
2026-09-28T19:42:41,Neutral,0.0,1,1
2026-09-28T19:42:41,Neutral,0.0,1,1
2026-09-28T19:42:41,Neutral,0.0,1,1
2026-09-28T19:42:41,Neutral,0.0,1,1
2026-09-28T19:42:42,Neutral,0.0,2,1
2026-09-28T19:42:42,Neutral,0.0,1,1
2026-09-28T19:42:42,Neutral,0.0,1,1
2026-09-28T19:42:42,Neutral,0.0,1,1
2026-09-28T19:42:42,Neutral,0.0,1,1
2026-09-28T19:42:43,Neutral,0.0,1,1
2026-09-28T19:42:43,Neutral,0.0,1,1
2026-09-28T19:42:43,Neutral,0.0,2,1
2026-09-28T19:42:43,Neutral,0.0,2,1
2026-09-28T19:42:44,Neutral,0.0,2,1
2026-09-28T19:42:44,Neutral,0.0,2,1
2026-09-28T19:42:44,Neutral,0.0,1,1
2026-09-28T19:42:44,Neutral,0.0,1,0
2026-09-28T19:42:44,Neutral,0.0,1,1
2026-09-28T19:42:45,Neutral,0.0,2,1
2026-09-28T19:42:45,Neutral,0.0,2,1
2026-09-28T19:42:45,Neutral,0.0,2,1
2026-09-28T19:42:45,Neutral,0.0,1,1
2026-09-28T19:42:45,Neutral,0.0,1,1
2026-09-28T19:42:45,Neutral,0.0,2,0
2026-09-28T19:42:46,Neutral,0.0,1,1
2026-09-28T19:42:46,Neutral,0.0,1,0
2026-09-28T19:42:46,Neutral,0.0,1,0
2026-09-28T19:42:46,Neutral,0.0,1,0
2026-09-28T19:42:46,Neutral,0.0,1,0
2026-09-28T19:42:47,Neutral,0.0,1,1
2026-09-28T19:42:47,Neutral,0.0,1,0
2026-09-28T19:42:47,Neutral,0.0,1,0
2026-09-28T19:42:47,Neutral,0.0,1,1
2026-09-28T19:42:47,Neutral,0.0,1,1
2026-09-28T19:42:48,Neutral,0.0,1,1
2026-09-28T19:42:48,Neutral,0.0,1,0
2026-09-28T19:42:48,Neutral,0.0,1,1
2026-09-28T19:42:48,Neutral,0.0,1,0
2026-09-28T19:42:48,Neutral,0.0,1,1
2026-09-28T19:42:49,Neutral,0.0,1,1
2026-09-28T19:42:49,Neutral,0.0,1,1
2026-09-28T19:42:49,Neutral,0.0,1,1
2026-09-28T19:42:49,Neutral,0.0,1,1
2026-09-28T19:42:49,Neutral,0.0,1,1
2026-09-28T19:42:50,Neutral,0.0,1,1
2026-09-28T19:42:50,Neutral,0.0,1,1
2026-09-28T19:42:50,Neutral,0.0,1,1
2026-09-28T19:42:50,Neutral,0.0,1,1
2026-09-28T19:42:50,Neutral,0.0,1,1
2026-09-28T19:42:50,Neutral,0.0,1,1
2026-09-28T19:42:51,Neutral,0.0,1,1
2026-09-28T19:42:51,Neutral,0.0,1,1
2026-09-28T19:42:51,Neutral,0.0,1,1
2026-09-28T19:42:51,Neutral,0.0,1,1
2026-09-28T19:42:51,Neutral,0.0,1,1
2026-09-28T19:42:51,Neutral,0.0,1,1
2026-09-28T19:42:52,Neutral,0.0,1,0
2026-09-28T19:42:52,Neutral,0.0,1,0
2026-09-28T19:42:52,Neutral,0.0,1,0
2026-09-28T19:42:52,Neutral,0.0,0,0
2026-09-28T19:42:52,Neutral,0.0,1,0
2026-09-28T19:42:52,Neutral,0.0,1,0
2026-09-28T19:42:53,Neutral,0.0,1,0
2026-09-28T19:42:53,Neutral,0.0,1,1
2026-09-28T19:42:53,Neutral,0.0,1,0
2026-09-28T19:42:53,Neutral,0.0,1,2
2026-09-28T19:42:53,Neutral,0.0,1,1
2026-09-28T19:42:53,Neutral,0.0,1,1
2026-09-28T19:42:54,Neutral,0.0,1,0
2026-09-28T19:42:54,Neutral,0.0,1,0
2026-09-28T19:42:54,Neutral,0.0,1,1
2026-09-28T19:42:54,Neutral,0.0,1,1
2026-09-28T19:42:54,Neutral,0.0,1,1
2026-09-28T19:42:54,Neutral,0.0,2,0
2026-09-28T19:42:55,Neutral,0.0,2,0
2026-09-28T19:42:55,Neutral,0.0,1,1
2026-09-28T19:42:55,Neutral,0.0,1,1
2026-09-28T19:42:55,Neutral,0.0,2,1
2026-09-28T19:42:55,Neutral,0.0,1,1
2026-09-28T19:42:55,Neutral,0.0,2,1
2026-09-28T19:42:56,Neutral,0.0,2,1
2026-09-28T19:42:56,Neutral,0.0,1,1
2026-09-28T19:42:56,Neutral,0.0,1,0
2026-09-28T19:42:56,Neutral,0.0,2,1
2026-09-28T19:42:56,Neutral,0.0,1,1
2026-09-28T19:42:56,Neutral,0.0,1,1
2026-09-28T19:42:57,Neutral,0.0,1,1
2026-09-28T19:42:57,Neutral,0.0,1,1
2026-09-28T19:42:57,Neutral,0.0,1,1
2026-09-28T19:42:57,Neutral,0.0,2,1
2026-09-28T19:42:57,Neutral,0.0,1,1
2026-09-28T19:42:58,Neutral,0.0,2,1
2026-09-28T19:42:58,Neutral,0.0,1,0
2026-09-28T19:42:58,Neutral,0.0,1,1
2026-09-28T19:42:58,Neutral,0.0,1,0
2026-09-28T19:42:58,Neutral,0.0,1,0
2026-09-28T19:42:58,Neutral,0.0,1,0
2026-09-28T19:42:59,Neutral,0.0,1,0
2026-09-28T19:42:59,Neutral,0.0,1,0
2026-09-28T19:42:59,Neutral,0.0,1,0
2026-09-28T19:42:59,Neutral,0.0,1,0
2026-09-28T19:42:59,Neutral,0.0,1,0
2026-09-28T19:42:59,Neutral,0.0,1,0
2026-09-28T19:43:00,Neutral,0.0,1,0
2026-09-28T19:43:00,Neutral,0.0,1,0
2026-09-28T19:43:00,Neutral,0.0,1,0
2026-09-28T19:43:00,Neutral,0.0,1,0
2026-09-28T19:43:00,Neutral,0.0,1,0
2026-09-28T19:43:01,Neutral,0.0,1,0
2026-09-28T19:43:01,Neutral,0.0,1,0
2026-09-28T19:43:01,Neutral,0.0,1,0
2026-09-28T19:43:01,Neutral,0.0,1,0
2026-09-28T19:43:01,Neutral,0.0,1,0
2026-09-28T19:43:01,Neutral,0.0,0,1
2026-09-28T19:43:02,Neutral,0.0,1,0
2026-09-28T19:43:02,Neutral,0.0,1,0
2026-09-28T19:43:02,Neutral,0.0,1,1
2026-09-28T19:43:02,Neutral,0.0,1,1
2026-09-28T19:43:02,Neutral,0.0,1,0
2026-09-28T19:43:02,Neutral,0.0,1,0
2026-09-28T19:43:03,Neutral,0.0,1,1
2026-09-28T19:43:03,Neutral,0.0,1,0
2026-09-28T19:43:03,Neutral,0.0,1,0
2026-09-28T19:43:03,Neutral,0.0,1,0
2026-09-28T19:43:03,Neutral,0.0,1,0
2026-09-28T19:43:04,Neutral,0.0,1,0
2026-09-28T19:43:04,Neutral,0.0,0,0
2026-09-28T19:43:04,Neutral,0.0,0,0
2026-09-28T19:43:04,Neutral,0.0,1,0
2026-09-28T19:43:04,Neutral,0.0,1,0
2026-09-28T19:43:04,Neutral,0.0,2,0
2026-09-28T19:43:04,Neutral,0.0,1,0
2026-09-28T19:43:05,Neutral,0.0,1,0
2026-09-28T19:43:05,Neutral,0.0,1,0
2026-09-28T19:43:05,Neutral,0.0,1,0
2026-09-28T19:43:05,Neutral,0.0,1,0
2026-09-28T19:43:05,Neutral,0.0,1,0
2026-09-28T19:43:05,Neutral,0.0,1,0
2026-09-28T19:43:06,Neutral,0.0,1,0
2026-09-28T19:43:06,Neutral,0.0,1,0
2026-09-28T19:43:06,Neutral,0.0,1,0
2026-09-28T19:43:06,Neutral,0.0,1,0
2026-09-28T19:43:06,Neutral,0.0,1,0
2026-09-28T19:43:07,Neutral,0.0,1,0
2026-09-28T19:43:07,Neutral,0.0,1,0
2026-09-28T19:43:07,Neutral,0.0,1,0
2026-09-28T19:43:07,Neutral,0.0,1,1
2026-09-28T19:43:07,Neutral,0.0,1,0
2026-09-28T19:43:08,Neutral,0.0,0,0
2026-09-28T19:43:08,Neutral,0.0,1,0
2026-09-28T19:43:08,Neutral,0.0,1,0
2026-09-28T19:43:08,Neutral,0.0,2,0
2026-09-28T19:43:08,Neutral,0.0,1,0
2026-09-28T19:43:08,Neutral,0.0,1,0
2026-09-28T19:43:09,Neutral,0.0,1,0
2026-09-28T19:43:09,Neutral,0.0,1,0
2026-09-28T19:43:09,Neutral,0.0,1,0
2026-09-28T19:43:09,Neutral,0.0,1,0
2026-09-28T19:43:09,Neutral,0.0,1,0
2026-09-28T19:43:09,Neutral,0.0,1,0
2026-09-28T19:43:10,Neutral,0.0,1,0
2026-09-28T19:43:10,Neutral,0.0,1,1
2026-09-28T19:43:10,Neutral,0.0,1,1
2026-09-28T19:43:10,Neutral,0.0,1,1
2026-09-28T19:43:10,Neutral,0.0,1,0
2026-09-28T19:43:10,Neutral,0.0,1,0
2026-09-28T19:43:11,Neutral,0.0,1,1
2026-09-28T19:43:11,Neutral,0.0,1,0
2026-09-28T19:43:11,Neutral,0.0,1,1
2026-09-28T19:43:11,Neutral,0.0,1,1
2026-09-28T19:43:11,Neutral,0.0,1,1
2026-09-28T19:43:11,Neutral,0.0,1,1
2026-09-28T19:43:12,Neutral,0.0,1,1
2026-09-28T19:43:12,Neutral,0.0,2,1
2026-09-28T19:43:12,Neutral,0.0,1,1
2026-09-28T19:43:12,Neutral,0.0,1,0
2026-09-28T19:43:12,Neutral,0.0,1,0
2026-09-28T19:43:12,Neutral,0.0,0,0
2026-09-28T19:43:13,Neutral,0.0,1,0
2026-09-28T19:43:13,Neutral,0.0,1,0
2026-09-28T19:43:13,Neutral,0.0,1,0
2026-09-28T19:43:13,Neutral,0.0,0,0
2026-09-28T19:43:13,Neutral,0.0,1,0
2026-09-28T19:43:13,Neutral,0.0,0,0
2026-09-28T19:43:14,Neutral,0.0,1,1
2026-09-28T19:43:14,Neutral,0.0,0,2
2026-09-28T19:43:14,Neutral,0.0,0,0
2026-09-28T19:43:14,Neutral,0.0,0,0
2026-09-28T19:43:14,Neutral,0.0,0,0
2026-09-28T19:43:14,Neutral,0.0,0,0
2026-09-28T19:43:15,Neutral,0.0,0,0
2026-09-28T19:43:15,Neutral,0.0,0,1
2026-09-28T19:43:15,Neutral,0.0,1,0
2026-09-28T19:43:15,Neutral,0.0,1,0
2026-09-28T19:43:15,Neutral,0.0,1,0
2026-09-28T19:43:15,Neutral,0.0,1,0
2026-09-28T19:43:16,Neutral,0.0,1,0
2026-09-28T19:43:16,Neutral,0.0,1,0
2026-09-28T19:43:16,Neutral,0.0,1,0
2026-09-28T19:43:16,Neutral,0.0,1,0
2026-09-28T19:43:16,Neutral,0.0,1,0
2026-09-28T19:43:17,Neutral,0.0,1,0
2026-09-28T19:43:17,Neutral,0.0,1,0
2026-09-28T19:43:17,Neutral,0.0,1,0
2026-09-28T19:43:17,Neutral,0.0,1,0
2026-09-28T19:43:17,Neutral,0.0,1,0
2026-09-28T19:43:17,Neutral,0.0,1,0
2026-09-28T19:43:17,Neutral,0.0,1,0
2026-09-28T19:43:18,Neutral,0.0,1,0
2026-09-28T19:43:18,Neutral,0.0,1,0
2026-09-28T19:43:18,Neutral,0.0,1,0
2026-09-28T19:43:18,Neutral,0.0,1,1
2026-09-28T19:43:18,Neutral,0.0,1,0
2026-09-28T19:43:18,Neutral,0.0,1,0
2026-09-28T19:43:19,Neutral,0.0,1,0
2026-09-28T19:43:19,Neutral,0.0,2,0
2026-09-28T19:43:19,Neutral,0.0,1,0
2026-09-28T19:43:19,Neutral,0.0,1,0
2026-09-28T19:43:19,Neutral,0.0,1,0
2026-09-28T19:43:20,Neutral,0.0,1,0
2026-09-28T19:43:20,Neutral,0.0,1,1
2026-09-28T19:43:20,Neutral,0.0,1,0
2026-09-28T19:43:20,Neutral,0.0,1,0
2026-09-28T19:43:20,Neutral,0.0,1,0
2026-09-28T19:43:20,Neutral,0.0,1,0
2026-09-28T19:43:21,Neutral,0.0,1,0
2026-09-28T19:43:21,Neutral,0.0,1,0
2026-09-28T19:43:21,Neutral,0.0,1,0
2026-09-28T19:43:21,Neutral,0.0,1,0
2026-09-28T19:43:21,Neutral,0.0,1,1
2026-09-28T19:43:21,Neutral,0.0,0,1
2026-09-28T19:43:22,Neutral,0.0,2,1
2026-09-28T19:43:22,Neutral,0.0,2,0
2026-09-28T19:43:22,Neutral,0.0,1,0
2026-09-28T19:43:22,Neutral,0.0,1,1
2026-09-28T19:43:22,Neutral,0.0,1,1
2026-09-28T19:43:22,Neutral,0.0,1,0
2026-09-28T19:43:23,Neutral,0.0,1,0
2026-09-28T19:43:23,Neutral,0.0,1,1
2026-09-28T19:43:23,Neutral,0.0,1,0
2026-09-28T19:43:23,Neutral,0.0,0,1
2026-09-28T19:43:23,Neutral,0.0,0,1
2026-09-28T19:43:23,Neutral,0.0,0,1
2026-09-28T19:43:24,Neutral,0.0,0,0
2026-09-28T19:43:24,Neutral,0.0,1,0
2026-09-28T19:43:24,Neutral,0.0,1,0
2026-09-28T19:43:24,Neutral,0.0,1,1
2026-09-28T19:43:24,Neutral,0.0,1,1
2026-09-28T19:43:24,Neutral,0.0,1,1
2026-09-28T19:43:25,Neutral,0.0,1,1
2026-09-28T19:43:25,Neutral,0.0,1,1
2026-09-28T19:43:25,Neutral,0.0,1,1
2026-09-28T19:43:25,Neutral,0.0,0,1
2026-09-28T19:43:25,Neutral,0.0,1,1
2026-09-28T19:43:25,Neutral,0.0,0,0
2026-09-28T19:43:26,Neutral,0.0,1,0
2026-09-28T19:43:26,Neutral,0.0,1,1
2026-09-28T19:43:26,Neutral,0.0,1,0
2026-09-28T19:43:26,Neutral,0.0,0,1
2026-09-28T19:43:26,Neutral,0.0,1,0
2026-09-28T19:43:26,Neutral,0.0,0,1
2026-09-28T19:43:27,Neutral,0.0,1,0
2026-09-28T19:43:27,Neutral,0.0,1,0
2026-09-28T19:43:27,Neutral,0.0,1,0
2026-09-28T19:43:27,Neutral,0.0,1,0
2026-09-28T19:43:27,Neutral,0.0,1,0
2026-09-28T19:43:27,Neutral,0.0,1,0
2026-09-28T19:43:28,Neutral,0.0,1,0
2026-09-28T19:43:28,Neutral,0.0,1,0
2026-09-28T19:43:28,Neutral,0.0,1,0
2026-09-28T19:43:28,Neutral,0.0,1,0
2026-09-28T19:43:28,Neutral,0.0,1,0
2026-09-28T19:43:28,Neutral,0.0,1,0
2026-09-28T19:43:29,Neutral,0.0,2,0
2026-09-28T19:43:29,Neutral,0.0,1,0
2026-09-28T19:43:29,Neutral,0.0,1,0
2026-09-28T19:43:29,Neutral,0.0,1,0
2026-09-28T19:43:29,Neutral,0.0,1,0
2026-09-28T19:43:30,Neutral,0.0,1,0
2026-09-28T19:43:30,Neutral,0.0,1,0
2026-09-28T19:43:30,Neutral,0.0,1,0
2026-09-28T19:43:30,Neutral,0.0,1,0
2026-09-28T19:43:30,Neutral,0.0,1,0
2026-09-28T19:43:30,Neutral,0.0,1,0
2026-09-28T19:43:31,Neutral,0.0,1,0
2026-09-28T19:43:31,Neutral,0.0,0,0
2026-09-28T19:43:31,Neutral,0.0,1,1
2026-09-28T19:43:31,Neutral,0.0,1,0
2026-09-28T19:43:31,Neutral,0.0,1,0
2026-09-28T19:43:31,Neutral,0.0,1,0
2026-09-28T19:43:31,Neutral,0.0,1,1
2026-09-28T19:43:32,Neutral,0.0,0,0
2026-09-28T19:43:32,Neutral,0.0,1,0
2026-09-28T19:43:32,Neutral,0.0,1,0
2026-09-28T19:43:32,Neutral,0.0,1,0
2026-09-28T19:43:32,Neutral,0.0,1,1
2026-09-28T19:43:33,Neutral,0.0,1,0
2026-09-28T19:43:33,Neutral,0.0,0,0
2026-09-28T19:43:33,Neutral,0.0,1,0
2026-09-28T19:43:33,Neutral,0.0,1,0
2026-09-28T19:43:33,Neutral,0.0,1,0
2026-09-28T19:43:33,Neutral,0.0,0,0
2026-09-28T19:43:34,Neutral,0.0,1,0
2026-09-28T19:43:34,Neutral,0.0,0,0
2026-09-28T19:43:34,Neutral,0.0,1,0
2026-09-28T19:43:34,Neutral,0.0,1,0
2026-09-28T19:43:34,Neutral,0.0,1,0
2026-09-28T19:43:34,Neutral,0.0,1,0
2026-09-28T19:43:35,Neutral,0.0,1,0
2026-09-28T19:43:35,Neutral,0.0,1,0
2026-09-28T19:43:35,Neutral,0.0,1,0
2026-09-28T19:43:35,Neutral,0.0,1,1
2026-09-28T19:43:35,Neutral,0.0,1,0
2026-09-28T19:43:35,Neutral,0.0,1,0
2026-09-28T19:43:36,Neutral,0.0,1,0
2026-09-28T19:43:36,Neutral,0.0,1,0
2026-09-28T19:43:36,Neutral,0.0,1,0
2026-09-28T19:43:36,Neutral,0.0,1,0
2026-09-28T19:43:36,Neutral,0.0,1,0
2026-09-28T19:43:37,Neutral,0.0,1,0
2026-09-28T19:43:37,Neutral,0.0,1,0
2026-09-28T19:43:37,Neutral,0.0,1,0
2026-09-28T19:43:37,Neutral,0.0,1,0
2026-09-28T19:43:37,Neutral,0.0,1,0
2026-09-28T19:43:37,Neutral,0.0,1,0
2026-09-28T19:43:38,Neutral,0.0,1,0
2026-09-28T19:43:38,Neutral,0.0,1,0
2026-09-28T19:43:38,Neutral,0.0,1,0
2026-09-28T19:43:38,Neutral,0.0,1,0
2026-09-28T19:43:38,Neutral,0.0,1,0
2026-09-28T19:43:38,Neutral,0.0,1,0
2026-09-28T19:43:39,Neutral,0.0,1,1
2026-09-28T19:43:39,Neutral,0.0,1,0
2026-09-28T19:43:39,Neutral,0.0,1,0
2026-09-28T19:43:39,Neutral,0.0,1,0
2026-09-28T19:43:39,Neutral,0.0,1,0
2026-09-28T19:43:39,Neutral,0.0,1,1
2026-09-28T19:43:40,Neutral,0.0,1,0
2026-09-28T19:43:40,Neutral,0.0,1,0
2026-09-28T19:43:40,Neutral,0.0,1,0
2026-09-28T19:43:40,Neutral,0.0,1,0
2026-09-28T19:43:40,Neutral,0.0,1,0
2026-09-28T19:43:40,Neutral,0.0,1,0
2026-09-28T19:43:41,Neutral,0.0,1,0
2026-09-28T19:43:41,Neutral,0.0,1,0
2026-09-28T19:43:41,Neutral,0.0,1,0
2026-09-28T19:43:41,Neutral,0.0,1,0
2026-09-28T19:43:41,Neutral,0.0,1,0
2026-09-28T19:43:41,Neutral,0.0,1,0
2026-09-28T19:43:42,Neutral,0.0,1,1
2026-09-28T19:43:42,Neutral,0.0,1,0
2026-09-28T19:43:42,Neutral,0.0,1,0
2026-09-28T19:43:42,Neutral,0.0,1,0
2026-09-28T19:43:42,Neutral,0.0,1,0
2026-09-28T19:43:42,Neutral,0.0,1,0
2026-09-28T19:43:43,Neutral,0.0,1,0
2026-09-28T19:43:43,Neutral,0.0,1,0
2026-09-28T19:43:43,Neutral,0.0,1,0
2026-09-28T19:43:43,Neutral,0.0,1,0
2026-09-28T19:43:43,Neutral,0.0,1,0
2026-09-28T19:43:43,Neutral,0.0,1,0
2026-09-28T19:43:44,Neutral,0.0,1,0
2026-09-28T19:43:44,Neutral,0.0,1,0
2026-09-28T19:43:44,Neutral,0.0,1,0
2026-09-28T19:43:44,Neutral,0.0,1,0
2026-09-28T19:43:44,Neutral,0.0,1,0
2026-09-28T19:43:44,Neutral,0.0,1,0
2026-09-28T19:43:45,Neutral,0.0,1,0
2026-09-28T19:43:45,Neutral,0.0,2,0
2026-09-28T19:43:45,Neutral,0.0,2,0
2026-09-28T19:43:45,Neutral,0.0,1,0
2026-09-28T19:43:45,Neutral,0.0,1,1
2026-09-28T19:43:45,Neutral,0.0,1,0
2026-09-28T19:43:46,Neutral,0.0,1,0
2026-09-28T19:43:46,Neutral,0.0,1,0
2026-09-28T19:43:46,Neutral,0.0,1,0
2026-09-28T19:43:46,Neutral,0.0,1,0
2026-09-28T19:43:46,Neutral,0.0,1,0
2026-09-28T19:43:47,Neutral,0.0,1,0
2026-09-28T19:43:47,Neutral,0.0,2,0
2026-09-28T19:43:47,Neutral,0.0,1,0
2026-09-28T19:43:47,Neutral,0.0,1,0
2026-09-28T19:43:47,Neutral,0.0,1,0
2026-09-28T19:43:47,Neutral,0.0,1,0
2026-09-28T19:43:48,Neutral,0.0,2,1
2026-09-28T19:43:48,Neutral,0.0,1,0
2026-09-28T19:43:48,Neutral,0.0,1,1
2026-09-28T19:43:48,Neutral,0.0,2,1
2026-09-28T19:43:48,Neutral,0.0,1,1
2026-09-28T19:43:48,Neutral,0.0,2,0
2026-09-28T19:43:49,Neutral,0.0,1,0
2026-09-28T19:43:49,Neutral,0.0,2,0
2026-09-28T19:43:49,Neutral,0.0,1,0
2026-09-28T19:43:49,Neutral,0.0,1,0
2026-09-28T19:43:49,Neutral,0.0,1,0
2026-09-28T19:43:49,Neutral,0.0,1,0
2026-09-28T19:43:50,Neutral,0.0,1,0
2026-09-28T19:43:50,Neutral,0.0,1,0
2026-09-28T19:43:50,Neutral,0.0,2,0
2026-09-28T19:43:50,Neutral,0.0,1,0
2026-09-28T19:43:50,Neutral,0.0,1,0
2026-09-28T19:43:50,Neutral,0.0,1,0
2026-09-28T19:43:51,Neutral,0.0,1,0
2026-09-28T19:43:51,Neutral,0.0,1,0
2026-09-28T19:43:51,Neutral,0.0,1,0
2026-09-28T19:43:51,Neutral,0.0,2,0
2026-09-28T19:43:51,Neutral,0.0,1,1
2026-09-28T19:43:51,Neutral,0.0,1,1
2026-09-28T19:43:52,Neutral,0.0,1,1
2026-09-28T19:43:52,Neutral,0.0,1,1
2026-09-28T19:43:52,Neutral,0.0,1,0
2026-09-28T19:43:52,Neutral,0.0,1,0
2026-09-28T19:43:52,Neutral,0.0,1,0
2026-09-28T19:43:52,Neutral,0.0,1,0
2026-09-28T19:43:53,Neutral,0.0,1,1
2026-09-28T19:43:53,Neutral,0.0,1,1
2026-09-28T19:43:53,Neutral,0.0,1,1
2026-09-28T19:43:53,Neutral,0.0,1,1
2026-09-28T19:43:53,Neutral,0.0,1,1
2026-09-28T19:43:53,Neutral,0.0,1,1
2026-09-28T19:43:54,Neutral,0.0,1,1
2026-09-28T19:43:54,Neutral,0.0,1,0
2026-09-28T19:43:54,Neutral,0.0,1,1
2026-09-28T19:43:54,Neutral,0.0,1,0
2026-09-28T19:43:54,Neutral,0.0,1,1
2026-09-28T19:43:54,Neutral,0.0,1,1
2026-09-28T19:43:55,Neutral,0.0,1,1
2026-09-28T19:43:55,Neutral,0.0,1,0
2026-09-28T19:43:55,Neutral,0.0,1,0
2026-09-28T19:43:55,Neutral,0.0,1,1
2026-09-28T19:43:55,Neutral,0.0,1,1
2026-09-28T19:43:55,Neutral,0.0,1,1
2026-09-28T19:43:56,Neutral,0.0,1,1
2026-09-28T19:43:56,Neutral,0.0,1,0
2026-09-28T19:43:56,Neutral,0.0,1,1
2026-09-28T19:43:56,Neutral,0.0,1,1
2026-09-28T19:43:56,Neutral,0.0,1,0
2026-09-28T19:43:56,Neutral,0.0,1,1
2026-09-28T19:43:57,Neutral,0.0,1,1
2026-09-28T19:43:57,Neutral,0.0,1,1
2026-09-28T19:43:57,Neutral,0.0,1,1
2026-09-28T19:43:57,Neutral,0.0,1,1
2026-09-28T19:43:57,Neutral,0.0,1,0
2026-09-28T19:43:57,Neutral,0.0,1,1
2026-09-28T19:43:58,Neutral,0.0,1,1
2026-09-28T19:43:58,Neutral,0.0,1,1
2026-09-28T19:43:58,Neutral,0.0,1,0
2026-09-28T19:43:58,Neutral,0.0,1,0
2026-09-28T19:43:58,Neutral,0.0,0,0
2026-09-28T19:43:59,Neutral,0.0,0,0
2026-09-28T19:43:59,Neutral,0.0,1,0
2026-09-28T19:43:59,Neutral,0.0,1,0
2026-09-28T19:43:59,Neutral,0.0,0,0
2026-09-28T19:43:59,Neutral,0.0,0,0
2026-09-28T19:43:59,Neutral,0.0,1,0
2026-09-28T19:43:59,Neutral,0.0,1,0
2026-09-28T19:44:00,Neutral,0.0,0,0
2026-09-28T19:44:00,Neutral,0.0,1,0
2026-09-28T19:44:00,Neutral,0.0,1,0
2026-09-28T19:44:00,Neutral,0.0,1,0
2026-09-28T19:44:00,Neutral,0.0,1,0
2026-09-28T19:44:01,Neutral,0.0,1,0
2026-09-28T19:44:01,Neutral,0.0,0,0
2026-09-28T19:44:01,Neutral,0.0,1,0
2026-09-28T19:44:01,Neutral,0.0,1,0
2026-09-28T19:44:01,Neutral,0.0,1,0
2026-09-28T19:44:01,Neutral,0.0,1,0
2026-09-28T19:44:01,Neutral,0.0,1,1
2026-09-28T19:44:02,Neutral,0.0,1,0
2026-09-28T19:44:02,Neutral,0.0,2,0
2026-09-28T19:44:02,Neutral,0.0,1,0
2026-09-28T19:44:02,Neutral,0.0,2,0
2026-09-28T19:44:03,Neutral,0.0,0,0
2026-09-28T19:44:03,Neutral,0.0,3,2
2026-09-28T19:44:03,Neutral,0.0,2,1
2026-09-28T19:44:03,Neutral,0.0,2,2
2026-09-28T19:44:03,Neutral,0.0,1,1
2026-09-28T19:44:04,Neutral,0.0,1,1
2026-09-28T19:44:04,Neutral,0.0,1,1
2026-09-28T19:44:04,Neutral,0.0,1,1
2026-09-28T19:44:04,Neutral,0.0,1,1
2026-09-28T19:44:04,Neutral,0.0,1,0
2026-09-28T19:44:05,Neutral,0.0,1,1
2026-09-28T19:44:05,Neutral,0.0,1,1
2026-09-28T19:44:05,Neutral,0.0,1,1
2026-09-28T19:44:05,Neutral,0.0,1,1
2026-09-28T19:44:05,Neutral,0.0,2,0
2026-09-28T19:44:05,Neutral,0.0,2,1
2026-09-28T19:44:06,Neutral,0.0,2,2
2026-09-28T19:44:06,Neutral,0.0,1,1
2026-09-28T19:44:06,Neutral,0.0,2,2
2026-09-28T19:44:06,Neutral,0.0,2,2
2026-09-28T19:44:06,Neutral,0.0,2,1
2026-09-28T19:44:06,Neutral,0.0,2,2
2026-09-28T19:44:07,Neutral,0.0,1,2
2026-09-28T19:44:07,Neutral,0.0,2,1
2026-09-28T19:44:07,Neutral,0.0,2,2
2026-09-28T19:44:07,Neutral,0.0,2,1
2026-09-28T19:44:07,Neutral,0.0,2,2
2026-09-28T19:44:07,Neutral,0.0,2,2
2026-09-28T19:44:08,Neutral,0.0,2,2
2026-09-28T19:44:08,Neutral,0.0,2,1
2026-09-28T19:44:08,Neutral,0.0,2,1
2026-09-28T19:44:08,Neutral,0.0,2,2
2026-09-28T19:44:08,Neutral,0.0,0,1
2026-09-28T19:44:08,Neutral,0.0,1,0
2026-09-28T19:44:09,Neutral,0.0,1,1
2026-09-28T19:44:09,Neutral,0.0,1,0
2026-09-28T19:44:09,Neutral,0.0,2,0
2026-09-28T19:44:09,Neutral,0.0,2,0
2026-09-28T19:44:09,Neutral,0.0,1,0
2026-09-28T19:44:09,Neutral,0.0,1,0
2026-09-28T19:44:10,Neutral,0.0,2,0
2026-09-28T19:44:10,Neutral,0.0,2,0
2026-09-28T19:44:10,Neutral,0.0,1,0
2026-09-28T19:44:10,Neutral,0.0,1,0
2026-09-28T19:44:10,Neutral,0.0,2,1
2026-09-28T19:44:10,Neutral,0.0,1,1
2026-09-28T19:44:11,Neutral,0.0,1,1
2026-09-28T19:44:11,Neutral,0.0,1,1
2026-09-28T19:44:11,Neutral,0.0,1,1
2026-09-28T19:44:11,Neutral,0.0,1,1
2026-09-28T19:44:11,Neutral,0.0,1,1
2026-09-28T19:44:11,Neutral,0.0,1,1
2026-09-28T19:44:12,Neutral,0.0,1,1
2026-09-28T19:44:12,Neutral,0.0,1,1
2026-09-28T19:44:12,Neutral,0.0,1,1
2026-09-28T19:44:12,Neutral,0.0,1,1
2026-09-28T19:44:12,Neutral,0.0,1,1
2026-09-28T19:44:12,Neutral,0.0,1,1
2026-09-28T19:44:13,Neutral,0.0,1,0
2026-09-28T19:44:13,Neutral,0.0,1,0
2026-09-28T19:44:13,Neutral,0.0,2,1
2026-09-28T19:44:13,Neutral,0.0,2,0
2026-09-28T19:44:13,Neutral,0.0,1,0
2026-09-28T19:44:13,Neutral,0.0,1,0
2026-09-28T19:44:14,Neutral,0.0,2,1
2026-09-28T19:44:14,Neutral,0.0,2,0
2026-09-28T19:44:14,Neutral,0.0,1,1
2026-09-28T19:44:14,Neutral,0.0,1,1
2026-09-28T19:44:14,Neutral,0.0,1,0
2026-09-28T19:44:14,Neutral,0.0,1,0
2026-09-28T19:44:15,Neutral,0.0,1,1
2026-09-28T19:44:15,Neutral,0.0,1,0
2026-09-28T19:44:15,Neutral,0.0,1,0
2026-09-28T19:44:15,Neutral,0.0,1,0
2026-09-28T19:44:15,Neutral,0.0,1,0
2026-09-28T19:44:15,Neutral,0.0,1,0
2026-09-28T19:44:16,Neutral,0.0,1,0
2026-09-28T19:44:16,Neutral,0.0,1,0
2026-09-28T19:44:16,Neutral,0.0,1,0
2026-09-28T19:44:16,Neutral,0.0,1,1
2026-09-28T19:44:16,Neutral,0.0,2,0
2026-09-28T19:44:17,Neutral,0.0,1,0
2026-09-28T19:44:17,Neutral,0.0,1,0
2026-09-28T19:44:17,Neutral,0.0,1,0
2026-09-28T19:44:17,Neutral,0.0,2,0
2026-09-28T19:44:17,Neutral,0.0,1,0
2026-09-28T19:44:17,Neutral,0.0,1,0
2026-09-28T19:44:18,Neutral,0.0,1,0
2026-09-28T19:44:18,Neutral,0.0,1,0
2026-09-28T19:44:18,Neutral,0.0,1,1
2026-09-28T19:44:18,Neutral,0.0,1,0
2026-09-28T19:44:18,Neutral,0.0,1,0
2026-09-28T19:44:18,Neutral,0.0,1,0
2026-09-28T19:44:19,Neutral,0.0,1,0
2026-09-28T19:44:19,Neutral,0.0,1,1
2026-09-28T19:44:19,Neutral,0.0,1,0
2026-09-28T19:44:19,Neutral,0.0,1,0
2026-09-28T19:44:19,Neutral,0.0,1,1
2026-09-28T19:44:19,Neutral,0.0,1,1
2026-09-28T19:44:20,Neutral,0.0,1,1
2026-09-28T19:44:20,Neutral,0.0,1,1
2026-09-28T19:44:20,Neutral,0.0,1,1
2026-09-28T19:44:20,Neutral,0.0,1,1
2026-09-28T19:44:20,Neutral,0.0,1,1
2026-09-28T19:44:20,Neutral,0.0,1,1
2026-09-28T19:44:21,Neutral,0.0,1,1
2026-09-28T19:44:21,Neutral,0.0,1,1
2026-09-28T19:44:21,Neutral,0.0,1,1
2026-09-28T19:44:21,Neutral,0.0,1,0
2026-09-28T19:44:21,Neutral,0.0,1,1
2026-09-28T19:44:21,Neutral,0.0,1,1
2026-09-28T19:44:22,Neutral,0.0,1,1
2026-09-28T19:44:22,Neutral,0.0,1,1
2026-09-28T19:44:22,Neutral,0.0,1,0
2026-09-28T19:44:22,Neutral,0.0,1,1
2026-09-28T19:44:22,Neutral,0.0,1,0
2026-09-28T19:44:23,Neutral,0.0,1,1
2026-09-28T19:44:23,Neutral,0.0,1,0
2026-09-28T19:44:23,Neutral,0.0,1,0
2026-09-28T19:44:23,Neutral,0.0,1,0
2026-09-28T19:44:23,Neutral,0.0,1,0
2026-09-28T19:44:23,Neutral,0.0,1,0
2026-09-28T19:44:24,Neutral,0.0,1,0
2026-09-28T19:44:24,Neutral,0.0,1,0
2026-09-28T19:44:24,Neutral,0.0,1,0
2026-09-28T19:44:24,Neutral,0.0,1,1
2026-09-28T19:44:24,Neutral,0.0,1,0
2026-09-28T19:44:24,Neutral,0.0,2,1
2026-09-28T19:44:25,Neutral,0.0,2,1
2026-09-28T19:44:25,Neutral,0.0,1,0
2026-09-28T19:44:25,Neutral,0.0,2,0
2026-09-28T19:44:25,Neutral,0.0,1,0
2026-09-28T19:44:25,Neutral,0.0,1,0
2026-09-28T19:44:25,Neutral,0.0,1,0
2026-09-28T19:44:26,Neutral,0.0,1,1
2026-09-28T19:44:26,Neutral,0.0,1,0
2026-09-28T19:44:26,Neutral,0.0,2,0
2026-09-28T19:44:26,Neutral,0.0,1,1
2026-09-28T19:44:26,Neutral,0.0,2,0
2026-09-28T19:44:26,Neutral,0.0,1,0
2026-09-28T19:44:27,Neutral,0.0,1,0
2026-09-28T19:44:27,Neutral,0.0,1,0
2026-09-28T19:44:27,Neutral,0.0,1,0
2026-09-28T19:44:27,Neutral,0.0,1,0
2026-09-28T19:44:27,Neutral,0.0,1,0
2026-09-28T19:44:27,Neutral,0.0,1,0
2026-09-28T19:44:27,Neutral,0.0,1,0
2026-09-28T19:44:28,Neutral,0.0,1,0
2026-09-28T19:44:28,Neutral,0.0,1,0
2026-09-28T19:44:28,Neutral,0.0,1,0
2026-09-28T19:44:28,Neutral,0.0,1,0
2026-09-28T19:44:28,Neutral,0.0,1,0
2026-09-28T19:44:28,Neutral,0.0,1,0
2026-09-28T19:44:29,Neutral,0.0,1,1
2026-09-28T19:44:29,Neutral,0.0,1,0
2026-09-28T19:44:29,Neutral,0.0,1,0
2026-09-28T19:44:29,Neutral,0.0,1,0
2026-09-28T19:44:29,Neutral,0.0,1,0
2026-09-28T19:44:30,Neutral,0.0,1,0
2026-09-28T19:44:30,Neutral,0.0,1,0
2026-09-28T19:44:30,Neutral,0.0,1,0
2026-09-28T19:44:30,Neutral,0.0,1,0
2026-09-28T19:44:30,Neutral,0.0,1,0
2026-09-28T19:44:30,Neutral,0.0,1,0
2026-09-28T19:44:31,Neutral,0.0,1,0
2026-09-28T19:44:31,Neutral,0.0,1,0
2026-09-28T19:44:31,Neutral,0.0,1,0
2026-09-28T19:44:31,Neutral,0.0,1,0
2026-09-28T19:44:31,Neutral,0.0,1,0
2026-09-28T19:44:31,Neutral,0.0,0,1
2026-09-28T19:44:32,Neutral,0.0,0,0
2026-09-28T19:44:32,Neutral,0.0,1,0
2026-09-28T19:44:32,Neutral,0.0,1,0
2026-09-28T19:44:32,Neutral,0.0,1,0
2026-09-28T19:44:32,Neutral,0.0,1,0
2026-09-28T19:44:32,Neutral,0.0,1,0
2026-09-28T19:44:33,Neutral,0.0,1,1
2026-09-28T19:44:33,Neutral,0.0,1,0
2026-09-28T19:44:33,Neutral,0.0,1,0
2026-09-28T19:44:33,Neutral,0.0,1,0
2026-09-28T19:44:33,Neutral,0.0,1,0
2026-09-28T19:44:33,Neutral,0.0,1,0
2026-09-28T19:44:34,Neutral,0.0,1,0
2026-09-28T19:44:34,Neutral,0.0,1,0
2026-09-28T19:44:34,Neutral,0.0,1,0
2026-09-28T19:44:34,Neutral,0.0,1,0
2026-09-28T19:44:34,Neutral,0.0,1,0
2026-09-28T19:44:34,Neutral,0.0,1,0
2026-09-28T19:44:35,Neutral,0.0,1,0
2026-09-28T19:44:35,Neutral,0.0,1,0
2026-09-28T19:44:35,Neutral,0.0,1,0
2026-09-28T19:44:35,Neutral,0.0,1,0
2026-09-28T19:44:35,Neutral,0.0,1,0
2026-09-28T19:44:35,Neutral,0.0,1,0
2026-09-28T19:44:36,Neutral,0.0,1,0
2026-09-28T19:44:36,Neutral,0.0,1,0
2026-09-28T19:44:36,Neutral,0.0,1,0
2026-09-28T19:44:36,Neutral,0.0,1,0
2026-09-28T19:44:36,Neutral,0.0,1,0
2026-09-28T19:44:36,Neutral,0.0,1,0
2026-09-28T19:44:36,Neutral,0.0,0,0
2026-09-28T19:44:37,Neutral,0.0,0,0
2026-09-28T19:44:37,Neutral,0.0,1,0
2026-09-28T19:44:37,Neutral,0.0,0,0
2026-09-28T19:44:37,Neutral,0.0,1,0
2026-09-28T19:44:37,Neutral,0.0,0,0
2026-09-28T19:44:37,Neutral,0.0,0,0
2026-09-28T19:44:38,Neutral,0.0,0,1
2026-09-28T19:44:38,Neutral,0.0,0,0
2026-09-28T19:44:38,Neutral,0.0,0,3
2026-09-28T19:44:38,Neutral,0.0,0,2
2026-09-28T19:44:38,Neutral,0.0,0,1
2026-09-28T19:44:38,Neutral,0.0,0,1
2026-09-28T19:44:39,Neutral,0.0,0,1
2026-09-28T19:44:39,Neutral,0.0,0,2
2026-09-28T19:44:39,Neutral,0.0,0,0
2026-09-28T19:44:39,Neutral,0.0,0,0
2026-09-28T19:44:39,Neutral,0.0,0,0
2026-09-28T19:44:39,Neutral,0.0,0,0
2026-09-28T19:44:40,Neutral,0.0,0,1
2026-09-28T19:44:40,Neutral,0.0,0,1
2026-09-28T19:44:40,Neutral,0.0,1,0
2026-09-28T19:44:40,Neutral,0.0,0,1
2026-09-28T19:44:40,Neutral,0.0,1,1
2026-09-28T19:44:40,Neutral,0.0,1,1
2026-09-28T19:44:41,Neutral,0.0,0,2
2026-09-28T19:44:41,Neutral,0.0,0,1
2026-09-28T19:44:41,Neutral,0.0,1,1
2026-09-28T19:44:41,Neutral,0.0,0,0
2026-09-28T19:44:41,Neutral,0.0,0,2
2026-09-28T19:44:41,Neutral,0.0,1,0
2026-09-28T19:44:42,Neutral,0.0,1,0
2026-09-28T19:44:42,Neutral,0.0,1,0
2026-09-28T19:44:42,Neutral,0.0,2,0
2026-09-28T19:44:42,Neutral,0.0,1,0
2026-09-28T19:44:42,Neutral,0.0,1,0
2026-09-28T19:44:42,Neutral,0.0,1,0
2026-09-28T19:44:43,Neutral,0.0,1,0
2026-09-28T19:44:43,Neutral,0.0,1,0
2026-09-28T19:44:43,Neutral,0.0,1,0
2026-09-28T19:44:43,Neutral,0.0,1,0
2026-09-28T19:44:43,Neutral,0.0,1,0
2026-09-28T19:44:43,Neutral,0.0,1,0
2026-09-28T19:44:44,Neutral,0.0,1,1
2026-09-28T19:44:44,Neutral,0.0,1,0
2026-09-28T19:44:44,Neutral,0.0,1,0
2026-09-28T19:44:44,Neutral,0.0,1,1
2026-09-28T19:44:44,Neutral,0.0,1,0
2026-09-28T19:44:44,Neutral,0.0,1,0
2026-09-28T19:44:45,Neutral,0.0,1,0
2026-09-28T19:44:45,Neutral,0.0,1,3
2026-09-28T19:44:45,Neutral,0.0,1,0
2026-09-28T19:44:45,Neutral,0.0,1,0
2026-09-28T19:44:45,Neutral,0.0,1,0
2026-09-28T19:44:45,Neutral,0.0,1,2
2026-09-28T19:44:46,Neutral,0.0,1,0
2026-09-28T19:44:46,Neutral,0.0,1,0
2026-09-28T19:44:46,Neutral,0.0,1,0
2026-09-28T19:44:46,Neutral,0.0,0,0
2026-09-28T19:44:46,Neutral,0.0,1,0
2026-09-28T19:44:46,Neutral,0.0,1,0
2026-09-28T19:44:47,Neutral,0.0,1,0
2026-09-28T19:44:47,Neutral,0.0,0,0
2026-09-28T19:44:47,Neutral,0.0,1,0
2026-09-28T19:44:47,Neutral,0.0,1,0
2026-09-28T19:44:47,Neutral,0.0,1,0
2026-09-28T19:44:47,Neutral,0.0,2,0
2026-09-28T19:44:48,Neutral,0.0,1,0
2026-09-28T19:44:48,Neutral,0.0,1,0
2026-09-28T19:44:48,Neutral,0.0,2,0
2026-09-28T19:44:48,Neutral,0.0,1,0
2026-09-28T19:44:48,Neutral,0.0,1,0
2026-09-28T19:44:48,Neutral,0.0,1,0
2026-09-28T19:44:49,Neutral,0.0,0,0
2026-09-28T19:44:49,Neutral,0.0,0,1
2026-09-28T19:44:49,Neutral,0.0,0,1
2026-09-28T19:44:49,Neutral,0.0,0,1
2026-09-28T19:44:49,Neutral,0.0,0,0
2026-09-28T19:44:49,Neutral,0.0,0,0
2026-09-28T19:44:50,Neutral,0.0,0,1
2026-09-28T19:44:50,Neutral,0.0,0,0
2026-09-28T19:44:50,Neutral,0.0,0,0
2026-09-28T19:44:50,Neutral,0.0,1,0
2026-09-28T19:44:50,Neutral,0.0,1,0
2026-09-28T19:44:50,Neutral,0.0,1,0
2026-09-28T19:44:51,Neutral,0.0,0,0
2026-09-28T19:44:51,Neutral,0.0,1,0
2026-09-28T19:44:51,Neutral,0.0,1,0
2026-09-28T19:44:51,Neutral,0.0,1,0
2026-09-28T19:44:51,Neutral,0.0,1,0
2026-09-28T19:44:51,Neutral,0.0,1,0
2026-09-28T19:44:52,Neutral,0.0,1,0
2026-09-28T19:44:52,Neutral,0.0,1,1
2026-09-28T19:44:52,Neutral,0.0,1,1
2026-09-28T19:44:52,Neutral,0.0,1,1
2026-09-28T19:44:52,Neutral,0.0,1,1
2026-09-28T19:44:52,Neutral,0.0,1,1
2026-09-28T19:44:53,Neutral,0.0,1,1
2026-09-28T19:44:53,Neutral,0.0,1,1
2026-09-28T19:44:53,Neutral,0.0,1,1
2026-09-28T19:44:53,Neutral,0.0,1,0
2026-09-28T19:44:53,Neutral,0.0,1,1
2026-09-28T19:44:53,Neutral,0.0,1,0
2026-09-28T19:44:54,Neutral,0.0,0,1
2026-09-28T19:44:54,Neutral,0.0,1,1
